Игрок	HESOYAM	Здоровье, броня и $250 000	Также ремонтирует транспорт, если CJ внутри.
Игрок	BAGUVIX	Почти бессмертие	Не защищает от всех взрывов, падений и утопления.
Игрок	CVWKXAM	Бесконечный кислород	Для плавания под водой.
Игрок	AEDUWNV	Не чувствовать голод	Классическая версия.
Игрок	SZCMAWO	Самоубийство	CJ погибнет. Не используй во время миссии.
Игрок	MUNASEF	Адреналиновый режим	Замедление и усиленные удары.
Игрок	KANGAROO	Суперпрыжок	Падение с высоты по-прежнему опасно.
Игрок	STINGLIKEABEE	Суперудар	Очень сильные удары.
Навыки	BUFFMEUP	Максимум мышц	Изменяет телосложение CJ.
Навыки	BTCDBCB	Максимум жира	Изменяет телосложение CJ.
Навыки	KVGYZQK	Худой CJ	Убирает жир и мышцы.
Навыки	WORSHIPME	Максимум уважения	Повышает уважение.
Навыки	HELLOLADIES	Максимум привлекательности	Повышает sex appeal.
Навыки	NATURALTALENT	Навыки управления транспортом	Максимальные навыки вождения.
Навыки	PROFESSIONALKILLER	Владение оружием: Hitman	Не все виды оружия имеют уровни навыка.
Оружие	LXGIWYL	Набор оружия №1	Базовый набор оружия.
Оружие	KJKSZPJ	Набор оружия №2	Продвинутый набор оружия.
Оружие	UZUMYMW	Набор оружия №3	Тяжёлый набор оружия.
Оружие	FULLCLIP	Бесконечные патроны	Без перезарядки.
Оружие	OUIQDMW	Прицеливание из машины	Особенность классической версии.
Розыск	ASNAEB	Убрать розыск	Снимает текущие звёзды.
Розыск	OSRBLHH	Добавить две звезды	Увеличивает уровень розыска.
Розыск	AEZAKMI	Отключить розыск	Не путать с простым снятием звёзд.
Розыск	BRINGITON	Шесть звёзд	Максимальный уровень розыска.
Транспорт	AIWPRTON	Танк Rhino	Появляется рядом с CJ. Нужно свободное место.
Транспорт	ROCKETMAN	Реактивный ранец	Jetpack.
Транспорт	AIYPWZQP	Парашют	Выдаёт парашют.
Транспорт	JUMPJET	Истребитель Hydra	Нужно много свободного места.
Транспорт	OHDUDE	Вертолёт Hunter	Нужно много свободного места.
Транспорт	FLYINGTOSTUNT	Трюковой самолёт	Stunt Plane.
Транспорт	MONSTERMASH	Monster Truck	Большой внедорожник.
Транспорт	FOURWHEELFUN	Квадроцикл	Quadbike.
Транспорт	KGGGDKP	Vortex	Судно на воздушной подушке.
Транспорт	AMOMHRER	Бензовоз	Tanker.
Транспорт	ITSALLBULL	Бульдозер	Dozer.
Транспорт	JQNTDMH	Rancher	Внедорожник Rancher.
Транспорт	CQZIJMB	Bloodring Banger	Машина для арены.
Транспорт	PDNEJOH	Hotring Racer №1	Гоночный автомобиль.
Транспорт	VPJTQWV	Hotring Racer №2	Гоночный автомобиль.
Транспорт	AQTBCODX	Romero	Катафалк.
Транспорт	KRIJEBR	Stretch	Лимузин.
Транспорт	UBHYZHQ	Trashmaster	Мусоровоз.
Транспорт	RZHSUEW	Caddy	Гольф-кар.
Машины	CPKTNWT	Взорвать все машины	Опасно: может уничтожить транспорт миссии и машину CJ.
Машины	XICWMD	Невидимый кузов	Видны преимущественно колёса; зависит от транспорта.
Машины	PGGOMOY	Улучшенная управляемость	Меняет поведение автомобилей.
Машины	RIPAZHA	Летающие машины	Разгонись, затем управляй полётом.
Машины	FLYINGFISH	Летающие лодки	Лодки могут взлетать.
Машины	CJPHONEHOME	Высокий прыжок на велосипеде	Усиливает bunny hop.
Машины	JCNRUAD	Разрушительные столкновения	Машины взрываются при столкновении с твоей.
Машины	SPEEDFREAK	Нитро у автомобилей	Добавляет нитро машинам.
Машины	BUBBLECARS	Машины улетают от удара	Меняет физику столкновений.
Трафик	ZEIIVG	Зелёные светофоры	Все сигналы становятся зелёными.
Трафик	YLTEICZ	Агрессивные водители	Трафик становится опаснее.
Трафик	LLQPFBN	Розовые машины	Меняет цвет трафика.
Трафик	IOWDLAC	Чёрные машины	Меняет цвет трафика.
Трафик	EVERYONEISPOOR	Дешёвые машины	Меняет состав трафика.
Трафик	EVERYONEISRICH	Спортивные машины	Меняет состав трафика.
Трафик	GHOSTTOWN	Мало транспорта	Уменьшает плотность дорожного движения.
Трафик	FVTMNBZ	Сельский транспорт	Деревенские автомобили на дорогах.
Мир	AJLOJYQY	Пешеходы дерутся	Опасно для миссий. Не сохраняй игру с этим кодом.
Мир	BAGOWPG	Награда за голову CJ	Пешеходы преследуют CJ. Не сохраняй игру.
Мир	BGLUAWML	Вооружённые пешеходы нападают	Опасно для миссий. Не сохраняй игру.
Мир	FOOOXFT	Вооружить пешеходов	У жителей появляется оружие.
Мир	STATEOFEMERGENCY	Беспорядки	Может ломать прохождение. Загрузи чистое сохранение после экспериментов.
Мир	BLUESUEDESHOES	Элвисы повсюду	Меняет пешеходов.
Мир	LIFESABEACH	Пляжная вечеринка	Меняет облик мира и CJ.
Мир	NINJATOWN	Тема ниндзя	Меняет пешеходов и транспорт.
Мир	CRAZYTOWN	Карнавальная тема	Меняет облик мира.
Мир	BEKKNQV	Повышенное внимание девушек	Особый тематический режим.
Мир	BMTPWHR	Сельская тема	Сельские жители, транспорт и облик CJ.
Банды	ONLYHOMIESALLOWED	Банды на улицах	Меняет состав пешеходов.
Банды	BIFBUZZ	Банды контролируют улицы	Сильно меняет население мира.
Банды	SJMAHPE	Нанять любого с пистолетом	Вербовка пешеходов.
Банды	ROCKETMAYHEM	Нанять любого с ракетницей	Опасно для CJ и транспорта.
Погода	AFZLLQLL	Солнечно	Ясная погода.
Погода	ICIKPYH	Очень солнечно	Жаркая ясная погода.
Погода	ALNSFMZO	Пасмурно	Облачная погода.
Погода	AUIFRVQS	Дождь	Дождливая погода.
Погода	CFVFGMJ	Туман	Туманная погода.
Погода	MGHXYRM	Гроза	Штормовая погода.
Погода	CWJXUOC	Песчаная буря	Снижает видимость.
Время	YSOHNUL	Ускорить часы	Быстрее течёт игровое время.
Время	SPEEDITUP	Ускорить игру	Ускоряет игровой процесс.
Время	SLOWITDOWN	Замедлить игру	Замедляет игровой процесс.
Время	NIGHTPROWLER	Всегда полночь	Фиксирует ночное время.
Время	OFVIAC	Оранжевое небо, 21:00	Вечерняя атмосфера.
Навыки	VKYPACF	Максимальная выносливость	Повышает выносливость CJ.
